Position,Sabin_nt,WT_nt,mutation
189,T,C,pT7_S1F_T189C
480,G,A,pT7_S1F_G480A
649,T,C,pT7_S1F_T649C
674,T,C,pT7_S1F_T674C
806,G,A,pT7_S1F_G806A
935,T,G,pT7_S1F_T935G
1208,C,A,pT7_S1F_C1208A
1228,C,G,pT7_S1F_C1228G
1442,G,A,pT7_S1F_G1442A
1465,T,C,pT7_S1F_T1465C
1490,T,C,pT7_S1F_T1490C
1507,A,G,pT7_S1F_A1507G
1747,T,C,pT7_S1F_T1747C
1885,T,A,pT7_S1F_T1885A
1942,A,C,pT7_S1F_A1942C
1944,A,C,pT7_S1F_A1944C
2035,T,C,pT7_S1F_T2035C
2353,C,T,pT7_S1F_C2353T
2438,A,T,pT7_S1F_A2438T
2545,G,A,pT7_S1F_G2545A
2585,G,A,pT7_S1F_G2585A
2741,G,A,pT7_S1F_G2741A
2749,A,G,pT7_S1F_A2749G
2762,T,C,pT7_S1F_T2762C
2775,A,C,pT7_S1F_A2775C
2791,A,T,pT7_S1F_A2791T
2795,A,G,pT7_S1F_A2795G
2879,T,C,pT7_S1F_T2879C
2923,G,C,pT7_S1F_G2923C
2929,C,A,pT7_S1F_C2929A
2983,G,A,pT7_S1F_G2983A
3043,A,G,pT7_S1F_A3043G
3163,C,T,pT7_S1F_C3163T
3445,T,C,pT7_S1F_T3445C
3460,A,T,pT7_S1F_A3460T
3492,A,G,pT7_S1F_A3492G
3785,A,T,pT7_S1F_A3785T
3836,A,C,pT7_S1F_A3836C
3896,G,A,pT7_S1F_G3896A
3898,A,C,pT7_S1F_A3898C
3919,T,C,pT7_S1F_T3919C
4003,T,C,pT7_S1F_T4003C
4116,C,T,pT7_S1F_C4116T
4435,A,C,pT7_S1F_A4435C
4444,C,T,pT7_S1F_C4444T
4789,G,A,pT7_S1F_G4789A
4831,T,C,pT7_S1F_T4831C
4834,A,G,pT7_S1F_A4834G
5107,C,T,pT7_S1F_C5107T
5137,G,A,pT7_S1F_G5137A
5242,C,T,pT7_S1F_C5242T
5350,C,T,pT7_S1F_C5350T
5420,A,C,pT7_S1F_A5420C
5440,G,A,pT7_S1F_G5440A
5737,A,G,pT7_S1F_A5737G
6143,A,G,pT7_S1F_A6143G
6187,C,T,pT7_S1F_C6187T
6203,C,T,pT7_S1F_C6203T
6261,C,T,pT7_S1F_C6261T
6373,T,C,pT7_S1F_T6373C
6616,A,G,pT7_S1F_A6616G
6679,C,T,pT7_S1F_C6679T
6853,T,C,pT7_S1F_T6853C
7071,T,C,pT7_S1F_T7071C
7198,A,T,pT7_S1F_A7198T
7243,A,T,pT7_S1F_A7243T
