Position,Sabin_nt,WT_nt,mutation,level
189,T,C,pT7_S1F_T189C,100_percent
480,G,A,pT7_S1F_G480A,100_percent
649,T,C,pT7_S1F_T649C,100_percent
674,T,C,pT7_S1F_T674C,100_percent
806,G,A,pT7_S1F_G806A,100_percent
935,T,G,pT7_S1F_T935G,100_percent
1208,C,A,pT7_S1F_C1208A,100_percent
1228,C,G,pT7_S1F_C1228G,100_percent
1442,G,A,pT7_S1F_G1442A,100_percent
1465,T,C,pT7_S1F_T1465C,100_percent
1490,T,C,pT7_S1F_T1490C,100_percent
1507,A,G,pT7_S1F_A1507G,100_percent
1747,T,C,pT7_S1F_T1747C,100_percent
1885,T,A,pT7_S1F_T1885A,100_percent
1942,A,C,pT7_S1F_A1942C,100_percent
1944,A,C,pT7_S1F_A1944C,100_percent
2035,T,C,pT7_S1F_T2035C,100_percent
2353,C,T,pT7_S1F_C2353T,100_percent
2438,A,T,pT7_S1F_A2438T,100_percent
2545,G,A,pT7_S1F_G2545A,100_percent
2585,G,A,pT7_S1F_G2585A,100_percent
2741,G,A,pT7_S1F_G2741A,100_percent
2749,A,G,pT7_S1F_A2749G,100_percent
2762,T,C,pT7_S1F_T2762C,100_percent
2775,A,C,pT7_S1F_A2775C,100_percent
2791,A,T,pT7_S1F_A2791T,100_percent
2795,A,G,pT7_S1F_A2795G,100_percent
2879,T,C,pT7_S1F_T2879C,100_percent
2923,G,C,pT7_S1F_G2923C,100_percent
2929,C,A,pT7_S1F_C2929A,100_percent
2983,G,A,pT7_S1F_G2983A,100_percent
3043,A,G,pT7_S1F_A3043G,100_percent
3163,C,T,pT7_S1F_C3163T,100_percent
3445,T,C,pT7_S1F_T3445C,100_percent
3460,A,T,pT7_S1F_A3460T,100_percent
3492,A,G,pT7_S1F_A3492G,100_percent
3785,A,T,pT7_S1F_A3785T,100_percent
3836,A,C,pT7_S1F_A3836C,100_percent
3896,G,A,pT7_S1F_G3896A,100_percent
3898,A,C,pT7_S1F_A3898C,100_percent
3919,T,C,pT7_S1F_T3919C,100_percent
4003,T,C,pT7_S1F_T4003C,100_percent
4116,C,T,pT7_S1F_C4116T,100_percent
4435,A,C,pT7_S1F_A4435C,100_percent
4444,C,T,pT7_S1F_C4444T,100_percent
4789,G,A,pT7_S1F_G4789A,100_percent
4831,T,C,pT7_S1F_T4831C,100_percent
4834,A,G,pT7_S1F_A4834G,100_percent
5107,C,T,pT7_S1F_C5107T,100_percent
5137,G,A,pT7_S1F_G5137A,100_percent
5242,C,T,pT7_S1F_C5242T,100_percent
5350,C,T,pT7_S1F_C5350T,100_percent
5420,A,C,pT7_S1F_A5420C,100_percent
5440,G,A,pT7_S1F_G5440A,100_percent
5737,A,G,pT7_S1F_A5737G,100_percent
6143,A,G,pT7_S1F_A6143G,100_percent
6187,C,T,pT7_S1F_C6187T,100_percent
6203,C,T,pT7_S1F_C6203T,100_percent
6261,C,T,pT7_S1F_C6261T,100_percent
6373,T,C,pT7_S1F_T6373C,100_percent
6616,A,G,pT7_S1F_A6616G,100_percent
6679,C,T,pT7_S1F_C6679T,100_percent
6853,T,C,pT7_S1F_T6853C,100_percent
7071,T,C,pT7_S1F_T7071C,100_percent
7198,A,T,pT7_S1F_A7198T,100_percent
7243,A,T,pT7_S1F_A7243T,100_percent
189,T,C,pT7_S1F_T189C,10_percent
480,G,A,pT7_S1F_G480A,10_percent
649,T,C,pT7_S1F_T649C,10_percent
674,T,C,pT7_S1F_T674C,10_percent
806,G,A,pT7_S1F_G806A,10_percent
935,T,G,pT7_S1F_T935G,10_percent
1208,C,A,pT7_S1F_C1208A,10_percent
1228,C,G,pT7_S1F_C1228G,10_percent
1442,G,A,pT7_S1F_G1442A,10_percent
1465,T,C,pT7_S1F_T1465C,10_percent
1490,T,C,pT7_S1F_T1490C,10_percent
1507,A,G,pT7_S1F_A1507G,10_percent
1747,T,C,pT7_S1F_T1747C,10_percent
1885,T,A,pT7_S1F_T1885A,10_percent
1942,A,C,pT7_S1F_A1942C,10_percent
1944,A,C,pT7_S1F_A1944C,10_percent
2035,T,C,pT7_S1F_T2035C,10_percent
2353,C,T,pT7_S1F_C2353T,10_percent
2438,A,T,pT7_S1F_A2438T,10_percent
2545,G,A,pT7_S1F_G2545A,10_percent
2585,G,A,pT7_S1F_G2585A,10_percent
2741,G,A,pT7_S1F_G2741A,10_percent
2749,A,G,pT7_S1F_A2749G,10_percent
2762,T,C,pT7_S1F_T2762C,10_percent
2775,A,C,pT7_S1F_A2775C,10_percent
2791,A,T,pT7_S1F_A2791T,10_percent
2795,A,G,pT7_S1F_A2795G,10_percent
2879,T,C,pT7_S1F_T2879C,10_percent
2923,G,C,pT7_S1F_G2923C,10_percent
2929,C,A,pT7_S1F_C2929A,10_percent
2983,G,A,pT7_S1F_G2983A,10_percent
3043,A,G,pT7_S1F_A3043G,10_percent
3163,C,T,pT7_S1F_C3163T,10_percent
3445,T,C,pT7_S1F_T3445C,10_percent
3460,A,T,pT7_S1F_A3460T,10_percent
3492,A,G,pT7_S1F_A3492G,10_percent
3785,A,T,pT7_S1F_A3785T,10_percent
3836,A,C,pT7_S1F_A3836C,10_percent
3896,G,A,pT7_S1F_G3896A,10_percent
3898,A,C,pT7_S1F_A3898C,10_percent
3919,T,C,pT7_S1F_T3919C,10_percent
4003,T,C,pT7_S1F_T4003C,10_percent
4116,C,T,pT7_S1F_C4116T,10_percent
4435,A,C,pT7_S1F_A4435C,10_percent
4444,C,T,pT7_S1F_C4444T,10_percent
4789,G,A,pT7_S1F_G4789A,10_percent
4831,T,C,pT7_S1F_T4831C,10_percent
4834,A,G,pT7_S1F_A4834G,10_percent
5107,C,T,pT7_S1F_C5107T,10_percent
5137,G,A,pT7_S1F_G5137A,10_percent
5242,C,T,pT7_S1F_C5242T,10_percent
5350,C,T,pT7_S1F_C5350T,10_percent
5420,A,C,pT7_S1F_A5420C,10_percent
5440,G,A,pT7_S1F_G5440A,10_percent
5737,A,G,pT7_S1F_A5737G,10_percent
6143,A,G,pT7_S1F_A6143G,10_percent
6187,C,T,pT7_S1F_C6187T,10_percent
6203,C,T,pT7_S1F_C6203T,10_percent
6261,C,T,pT7_S1F_C6261T,10_percent
6373,T,C,pT7_S1F_T6373C,10_percent
6616,A,G,pT7_S1F_A6616G,10_percent
6679,C,T,pT7_S1F_C6679T,10_percent
6853,T,C,pT7_S1F_T6853C,10_percent
7071,T,C,pT7_S1F_T7071C,10_percent
7198,A,T,pT7_S1F_A7198T,10_percent
7243,A,T,pT7_S1F_A7243T,10_percent
189,T,C,pT7_S1F_T189C,5_percent
480,G,A,pT7_S1F_G480A,5_percent
649,T,C,pT7_S1F_T649C,5_percent
674,T,C,pT7_S1F_T674C,5_percent
806,G,A,pT7_S1F_G806A,5_percent
935,T,G,pT7_S1F_T935G,5_percent
1208,C,A,pT7_S1F_C1208A,5_percent
1228,C,G,pT7_S1F_C1228G,5_percent
1442,G,A,pT7_S1F_G1442A,5_percent
1465,T,C,pT7_S1F_T1465C,5_percent
1490,T,C,pT7_S1F_T1490C,5_percent
1507,A,G,pT7_S1F_A1507G,5_percent
1747,T,C,pT7_S1F_T1747C,5_percent
1885,T,A,pT7_S1F_T1885A,5_percent
1942,A,C,pT7_S1F_A1942C,5_percent
1944,A,C,pT7_S1F_A1944C,5_percent
2035,T,C,pT7_S1F_T2035C,5_percent
2353,C,T,pT7_S1F_C2353T,5_percent
2438,A,T,pT7_S1F_A2438T,5_percent
2545,G,A,pT7_S1F_G2545A,5_percent
2585,G,A,pT7_S1F_G2585A,5_percent
2741,G,A,pT7_S1F_G2741A,5_percent
2749,A,G,pT7_S1F_A2749G,5_percent
2762,T,C,pT7_S1F_T2762C,5_percent
2775,A,C,pT7_S1F_A2775C,5_percent
2791,A,T,pT7_S1F_A2791T,5_percent
2795,A,G,pT7_S1F_A2795G,5_percent
2879,T,C,pT7_S1F_T2879C,5_percent
2923,G,C,pT7_S1F_G2923C,5_percent
2929,C,A,pT7_S1F_C2929A,5_percent
2983,G,A,pT7_S1F_G2983A,5_percent
3043,A,G,pT7_S1F_A3043G,5_percent
3163,C,T,pT7_S1F_C3163T,5_percent
3445,T,C,pT7_S1F_T3445C,5_percent
3460,A,T,pT7_S1F_A3460T,5_percent
3492,A,G,pT7_S1F_A3492G,5_percent
3785,A,T,pT7_S1F_A3785T,5_percent
3836,A,C,pT7_S1F_A3836C,5_percent
3896,G,A,pT7_S1F_G3896A,5_percent
3898,A,C,pT7_S1F_A3898C,5_percent
3919,T,C,pT7_S1F_T3919C,5_percent
4003,T,C,pT7_S1F_T4003C,5_percent
4116,C,T,pT7_S1F_C4116T,5_percent
4435,A,C,pT7_S1F_A4435C,5_percent
4444,C,T,pT7_S1F_C4444T,5_percent
4789,G,A,pT7_S1F_G4789A,5_percent
4831,T,C,pT7_S1F_T4831C,5_percent
4834,A,G,pT7_S1F_A4834G,5_percent
5107,C,T,pT7_S1F_C5107T,5_percent
5137,G,A,pT7_S1F_G5137A,5_percent
5242,C,T,pT7_S1F_C5242T,5_percent
5350,C,T,pT7_S1F_C5350T,5_percent
5420,A,C,pT7_S1F_A5420C,5_percent
5440,G,A,pT7_S1F_G5440A,5_percent
5737,A,G,pT7_S1F_A5737G,5_percent
6143,A,G,pT7_S1F_A6143G,5_percent
6187,C,T,pT7_S1F_C6187T,5_percent
6203,C,T,pT7_S1F_C6203T,5_percent
6261,C,T,pT7_S1F_C6261T,5_percent
6373,T,C,pT7_S1F_T6373C,5_percent
6616,A,G,pT7_S1F_A6616G,5_percent
6679,C,T,pT7_S1F_C6679T,5_percent
6853,T,C,pT7_S1F_T6853C,5_percent
7071,T,C,pT7_S1F_T7071C,5_percent
7198,A,T,pT7_S1F_A7198T,5_percent
7243,A,T,pT7_S1F_A7243T,5_percent
189,T,C,pT7_S1F_T189C,2_percent
480,G,A,pT7_S1F_G480A,2_percent
649,T,C,pT7_S1F_T649C,2_percent
674,T,C,pT7_S1F_T674C,2_percent
806,G,A,pT7_S1F_G806A,2_percent
935,T,G,pT7_S1F_T935G,2_percent
1208,C,A,pT7_S1F_C1208A,2_percent
1228,C,G,pT7_S1F_C1228G,2_percent
1442,G,A,pT7_S1F_G1442A,2_percent
1465,T,C,pT7_S1F_T1465C,2_percent
1490,T,C,pT7_S1F_T1490C,2_percent
1507,A,G,pT7_S1F_A1507G,2_percent
1747,T,C,pT7_S1F_T1747C,2_percent
1885,T,A,pT7_S1F_T1885A,2_percent
1942,A,C,pT7_S1F_A1942C,2_percent
1944,A,C,pT7_S1F_A1944C,2_percent
2035,T,C,pT7_S1F_T2035C,2_percent
2353,C,T,pT7_S1F_C2353T,2_percent
2438,A,T,pT7_S1F_A2438T,2_percent
2545,G,A,pT7_S1F_G2545A,2_percent
2585,G,A,pT7_S1F_G2585A,2_percent
2741,G,A,pT7_S1F_G2741A,2_percent
2749,A,G,pT7_S1F_A2749G,2_percent
2762,T,C,pT7_S1F_T2762C,2_percent
2775,A,C,pT7_S1F_A2775C,2_percent
2791,A,T,pT7_S1F_A2791T,2_percent
2795,A,G,pT7_S1F_A2795G,2_percent
2879,T,C,pT7_S1F_T2879C,2_percent
2923,G,C,pT7_S1F_G2923C,2_percent
2929,C,A,pT7_S1F_C2929A,2_percent
2983,G,A,pT7_S1F_G2983A,2_percent
3043,A,G,pT7_S1F_A3043G,2_percent
3163,C,T,pT7_S1F_C3163T,2_percent
3445,T,C,pT7_S1F_T3445C,2_percent
3460,A,T,pT7_S1F_A3460T,2_percent
3492,A,G,pT7_S1F_A3492G,2_percent
3785,A,T,pT7_S1F_A3785T,2_percent
3836,A,C,pT7_S1F_A3836C,2_percent
3896,G,A,pT7_S1F_G3896A,2_percent
3898,A,C,pT7_S1F_A3898C,2_percent
3919,T,C,pT7_S1F_T3919C,2_percent
4003,T,C,pT7_S1F_T4003C,2_percent
4116,C,T,pT7_S1F_C4116T,2_percent
4435,A,C,pT7_S1F_A4435C,2_percent
4444,C,T,pT7_S1F_C4444T,2_percent
4789,G,A,pT7_S1F_G4789A,2_percent
4831,T,C,pT7_S1F_T4831C,2_percent
4834,A,G,pT7_S1F_A4834G,2_percent
5107,C,T,pT7_S1F_C5107T,2_percent
5137,G,A,pT7_S1F_G5137A,2_percent
5242,C,T,pT7_S1F_C5242T,2_percent
5350,C,T,pT7_S1F_C5350T,2_percent
5420,A,C,pT7_S1F_A5420C,2_percent
5440,G,A,pT7_S1F_G5440A,2_percent
5737,A,G,pT7_S1F_A5737G,2_percent
6143,A,G,pT7_S1F_A6143G,2_percent
6187,C,T,pT7_S1F_C6187T,2_percent
6203,C,T,pT7_S1F_C6203T,2_percent
6261,C,T,pT7_S1F_C6261T,2_percent
6373,T,C,pT7_S1F_T6373C,2_percent
6616,A,G,pT7_S1F_A6616G,2_percent
6679,C,T,pT7_S1F_C6679T,2_percent
6853,T,C,pT7_S1F_T6853C,2_percent
7071,T,C,pT7_S1F_T7071C,2_percent
7198,A,T,pT7_S1F_A7198T,2_percent
7243,A,T,pT7_S1F_A7243T,2_percent
189,T,C,pT7_S1F_T189C,1_percent
480,G,A,pT7_S1F_G480A,1_percent
649,T,C,pT7_S1F_T649C,1_percent
674,T,C,pT7_S1F_T674C,1_percent
806,G,A,pT7_S1F_G806A,1_percent
935,T,G,pT7_S1F_T935G,1_percent
1208,C,A,pT7_S1F_C1208A,1_percent
1228,C,G,pT7_S1F_C1228G,1_percent
1442,G,A,pT7_S1F_G1442A,1_percent
1465,T,C,pT7_S1F_T1465C,1_percent
1490,T,C,pT7_S1F_T1490C,1_percent
1507,A,G,pT7_S1F_A1507G,1_percent
1747,T,C,pT7_S1F_T1747C,1_percent
1885,T,A,pT7_S1F_T1885A,1_percent
1942,A,C,pT7_S1F_A1942C,1_percent
1944,A,C,pT7_S1F_A1944C,1_percent
2035,T,C,pT7_S1F_T2035C,1_percent
2353,C,T,pT7_S1F_C2353T,1_percent
2438,A,T,pT7_S1F_A2438T,1_percent
2545,G,A,pT7_S1F_G2545A,1_percent
2585,G,A,pT7_S1F_G2585A,1_percent
2741,G,A,pT7_S1F_G2741A,1_percent
2749,A,G,pT7_S1F_A2749G,1_percent
2762,T,C,pT7_S1F_T2762C,1_percent
2775,A,C,pT7_S1F_A2775C,1_percent
2791,A,T,pT7_S1F_A2791T,1_percent
2795,A,G,pT7_S1F_A2795G,1_percent
2879,T,C,pT7_S1F_T2879C,1_percent
2923,G,C,pT7_S1F_G2923C,1_percent
2929,C,A,pT7_S1F_C2929A,1_percent
2983,G,A,pT7_S1F_G2983A,1_percent
3043,A,G,pT7_S1F_A3043G,1_percent
3163,C,T,pT7_S1F_C3163T,1_percent
3445,T,C,pT7_S1F_T3445C,1_percent
3460,A,T,pT7_S1F_A3460T,1_percent
3492,A,G,pT7_S1F_A3492G,1_percent
3785,A,T,pT7_S1F_A3785T,1_percent
3836,A,C,pT7_S1F_A3836C,1_percent
3896,G,A,pT7_S1F_G3896A,1_percent
3898,A,C,pT7_S1F_A3898C,1_percent
3919,T,C,pT7_S1F_T3919C,1_percent
4003,T,C,pT7_S1F_T4003C,1_percent
4116,C,T,pT7_S1F_C4116T,1_percent
4435,A,C,pT7_S1F_A4435C,1_percent
4444,C,T,pT7_S1F_C4444T,1_percent
4789,G,A,pT7_S1F_G4789A,1_percent
4831,T,C,pT7_S1F_T4831C,1_percent
4834,A,G,pT7_S1F_A4834G,1_percent
5107,C,T,pT7_S1F_C5107T,1_percent
5137,G,A,pT7_S1F_G5137A,1_percent
5242,C,T,pT7_S1F_C5242T,1_percent
5350,C,T,pT7_S1F_C5350T,1_percent
5420,A,C,pT7_S1F_A5420C,1_percent
5440,G,A,pT7_S1F_G5440A,1_percent
5737,A,G,pT7_S1F_A5737G,1_percent
6143,A,G,pT7_S1F_A6143G,1_percent
6187,C,T,pT7_S1F_C6187T,1_percent
6203,C,T,pT7_S1F_C6203T,1_percent
6261,C,T,pT7_S1F_C6261T,1_percent
6373,T,C,pT7_S1F_T6373C,1_percent
6616,A,G,pT7_S1F_A6616G,1_percent
6679,C,T,pT7_S1F_C6679T,1_percent
6853,T,C,pT7_S1F_T6853C,1_percent
7071,T,C,pT7_S1F_T7071C,1_percent
7198,A,T,pT7_S1F_A7198T,1_percent
7243,A,T,pT7_S1F_A7243T,1_percent